{
    "$schema": "https://schema.management.azure.com/schemas/2015-01-01/deploymentParameters.json#",
    "contentVersion": "1.0.0.0",
    "parameters": {
        "location": {
            "value": "westus2"
        },
        "virtualMachineName": {
            "value": "MTI476"
        },
        "virtualMachineSize": {
            "value": "Basic_A1"
        },
        "adminUsername": {
            "value": "fabiansepulveda"
        },
        "storageAccountName": {
            "value": "mtidisks835"
        },
        "virtualNetworkName": {
            "value": "MTI-vnet"
        },
        "networkInterfaceName": {
            "value": "mti476127"
        },
        "networkSecurityGroupName": {
            "value": "MTI476-nsg"
        },
        "adminPassword": {
            "value": null
        },
        "storageAccountType": {
            "value": "Standard_LRS"
        },
        "diagnosticsStorageAccountName": {
            "value": "mtidiag948"
        },
        "diagnosticsStorageAccountType": {
            "value": "Standard_LRS"
        },
        "diagnosticsStorageAccountId": {
            "value": "Microsoft.Storage/storageAccounts/mtidiag948"
        },
        "addressPrefix": {
            "value": "10.0.0.0/24"
        },
        "subnetName": {
            "value": "default"
        },
        "subnetPrefix": {
            "value": "10.0.0.0/24"
        },
        "publicIpAddressName": {
            "value": "MTI476-ip"
        },
        "publicIpAddressType": {
            "value": "Dynamic"
        }
    }
}